,0,1
0,RT @milads04333: @BluesparrowC @davidgokhshtein @BlueSparrowETH When BlueSparrow take a handful and invite a smile to its heart; how beautiâ€¦,2022-02-07 13:47:33+00:00
1,RT @BTC_Archive: ğŸ’¥TESLA just reported $1.99b #Bitcoin holdings!,2022-02-07 13:47:33+00:00
2,"RT @Blockworks_: #Bitcoin just hit $42,000 ğŸ”¥",2022-02-07 13:47:33+00:00
3,eicker.crypto â€º https://t.co/7iRj9ULQxj Â»Nigerian Blockchain Advocacy Group Says â€˜Crypto Is Legitâ€™ â€” Calls for Reguâ€¦ https://t.co/5PFWdlXXcE,2022-02-07 13:47:33+00:00
4,"RT @BTC_Archive: Russian Billionaire: Digital financial assets are just the next stage.

Yeah, #Bitcoin bro ğŸ˜",2022-02-07 13:47:33+00:00
5,"@davidgokhshtein Bluesparrow  the future of the worldğŸ˜â¤ï¸ğŸ‰

 New lifestyle with bluesparrowğŸš€ğŸ”¥

#ETH
#BlueSparrowâ€¦ https://t.co/oX9UoTSOGd",2022-02-07 13:47:32+00:00
6,"@davidgokhshtein Bluesparrow  the future of the worldğŸ˜â¤ï¸ğŸ‰

 New lifestyle with bluesparrowğŸš€ğŸ”¥

#ETH
#BlueSparrowâ€¦ https://t.co/78IZzzQAII",2022-02-07 13:47:32+00:00
7,RT @GoingParabolic: Whatâ€™s the price of #bitcoin ğŸ˜©,2022-02-07 13:47:32+00:00
8,"@davidgokhshtein Bluesparrow  the future of the worldğŸ˜â¤ï¸ğŸ‰

 New lifestyle with bluesparrowğŸš€ğŸ”¥

#ETH
#BlueSparrowâ€¦ https://t.co/JmoR4mpKLj",2022-02-07 13:47:32+00:00
9,"@davidgokhshtein Bluesparrow  the future of the worldğŸ˜â¤ï¸ğŸ‰

 New lifestyle with bluesparrowğŸš€ğŸ”¥

#ETH
#BlueSparrowâ€¦ https://t.co/FIEMRL39J4",2022-02-07 13:47:32+00:00
10,"@davidgokhshtein Bluesparrow  the future of the worldğŸ˜â¤ï¸ğŸ‰

 New lifestyle with bluesparrowğŸš€ğŸ”¥

#ETH
#BlueSparrowâ€¦ https://t.co/jcCI36tpWX",2022-02-07 13:47:32+00:00
11,"@davidgokhshtein Bluesparrow  the future of the worldğŸ˜â¤ï¸ğŸ‰

 New lifestyle with bluesparrowğŸš€ğŸ”¥

#ETH
#BlueSparrowâ€¦ https://t.co/wkydb77WaA",2022-02-07 13:47:32+00:00
12,"@davidgokhshtein Bluesparrow  the future of the worldğŸ˜â¤ï¸ğŸ‰

 New lifestyle with bluesparrowğŸš€ğŸ”¥

#ETH
#BlueSparrowâ€¦ https://t.co/MtTlDRUUfy",2022-02-07 13:47:32+00:00
13,"Leonitus333 found #bitcoin in a User vault at this location! Join me playing #coinhuntworld, It's awesome!â€¦ https://t.co/61UeVpvSJ9",2022-02-07 13:47:32+00:00
14,"@BluesparrowC @davidgokhshtein @BlueSparrowETH The greatest division of wealth of the century, will soon take placeâ€¦ https://t.co/o96K5FNyUP",2022-02-07 13:47:31+00:00
15,"@BluesparrowC @davidgokhshtein @BlueSparrowETH The greatest division of wealth of the century, will soon take placeâ€¦ https://t.co/K6cHSYnZ3R",2022-02-07 13:47:31+00:00
16,RT @GoingParabolic: Whatâ€™s the price of #bitcoin ğŸ˜©,2022-02-07 13:47:30+00:00
17,RT @missteencrypto: Stay bullish on #Bitcoin ğŸ¤©ğŸ‚ğŸ™Œ https://t.co/nEgi09t0HI,2022-02-07 13:47:30+00:00
18,"@davidgokhshtein @cvpayne @FoxBusiness I will never ask you, to buy or sell, iâ€™m just asking you, just never loseğŸ”¥ğŸ¤©â€¦ https://t.co/haTJJJEvSK",2022-02-07 13:47:30+00:00
19,"RT @ImruuK: https://t.co/G8q9BajE27

Chnahouwa #Bitcoin ou 3lach ta7 taman dialou fil assabi3 al 2akhira !! 

What is Bitcoin, and why didâ€¦",2022-02-07 13:47:30+00:00
20,"Why should #Bitcoin be #valuable ?
https://t.co/sAanshrQng
Luke Smith on the Topic.",2022-02-07 13:47:30+00:00
21,"@davidgokhshtein Bluesparrow  the future of the worldğŸ˜â¤ï¸ğŸ‰

 New lifestyle with bluesparrowğŸš€ğŸ”¥

#ETH
#BlueSparrowâ€¦ https://t.co/piwqKi5aZm",2022-02-07 13:47:30+00:00
22,"RT @MotalbeN: The greatest division of wealth of the century, will soon take place with the BlueSparrowğŸ’¯ğŸ’¥

#ETH
#BlueSparrow
#BlueSparrowtoâ€¦",2022-02-07 13:47:29+00:00
23,"@davidgokhshtein Bluesparrow  the future of the worldğŸ˜â¤ï¸ğŸ‰

 New lifestyle with bluesparrowğŸš€ğŸ”¥

#ETH
#BlueSparrowâ€¦ https://t.co/Q83QBwrUBD",2022-02-07 13:47:29+00:00
24,"@davidgokhshtein Bluesparrow  the future of the worldğŸ˜â¤ï¸ğŸ‰

 New lifestyle with bluesparrowğŸš€ğŸ”¥

#ETH
#BlueSparrowâ€¦ https://t.co/1arIdGIgxH",2022-02-07 13:47:29+00:00
25,"@davidgokhshtein Bluesparrow  the future of the worldğŸ˜â¤ï¸ğŸ‰

 New lifestyle with bluesparrowğŸš€ğŸ”¥

#ETH
#BlueSparrowâ€¦ https://t.co/9BReCIjGfM",2022-02-07 13:47:29+00:00
26,Will another cryptocurrency ever have a higher market cap than #Bitcoin,2022-02-07 13:47:29+00:00
27,"@davidgokhshtein Bluesparrow  the future of the worldğŸ˜â¤ï¸ğŸ‰

 New lifestyle with bluesparrowğŸš€ğŸ”¥

#ETH
#BlueSparrowâ€¦ https://t.co/dBWOWXAtCy",2022-02-07 13:47:29+00:00
28,"@davidgokhshtein Bluesparrow  the future of the worldğŸ˜â¤ï¸ğŸ‰

 New lifestyle with bluesparrowğŸš€ğŸ”¥

#ETH
#BlueSparrowâ€¦ https://t.co/L98lB5EHUV",2022-02-07 13:47:29+00:00
29,"@davidgokhshtein Bluesparrow  the future of the worldğŸ˜â¤ï¸ğŸ‰

 New lifestyle with bluesparrowğŸš€ğŸ”¥

#ETH
#BlueSparrowâ€¦ https://t.co/fXieRKfm2v",2022-02-07 13:47:29+00:00
30,RT @BTC_Archive: ğŸ’¥TESLA just reported $1.99b #Bitcoin holdings!,2022-02-07 13:47:29+00:00
31,â™¦Binance borsasÄ±na kayÄ±t olacak olanlar..ReferanssÄ±z kayÄ±t olmayÄ±n..%10 komisyon hakkÄ±nÄ± kaÃ§Ä±rÄ±yorsunuz..Size indirâ€¦ https://t.co/7On2VAKu5E,2022-02-07 13:47:29+00:00
32,RT @BitcoinMagazine: Tesla is now holding $1.99 BILLION in #Bitcoin ğŸ™Œ https://t.co/VgXPRa3cP4,2022-02-07 13:47:29+00:00
33,RT @XRPLStack: There are so many great projects on the #XRPL!  But always make sure you do your own research to ensure you stay away from tâ€¦,2022-02-07 13:47:28+00:00
34,RT @Josephine_LF_: Set your reminders to meet incredible female artists and learn about our March 8th Int. Women's Day NFT Collection on @Hâ€¦,2022-02-07 13:47:28+00:00
35,#Bitcoin Buy Signal ğŸš€ https://t.co/sjA5FSR8mD,2022-02-07 13:47:28+00:00
36,"RT @KriptoCeltics: ğŸğŸ‰ğŸ¥³ Åubat Ã‡ekiliÅŸi ğŸ¥³ğŸ‰ğŸ

Bizimle kal ve kazan ğŸ”¥ğŸ”¥ğŸ”¥ğŸ”¥

ğŸŸ¨1 kiÅŸiye 100$ #RACA
ğŸŸ¦1 kiÅŸiye 100$ #CEEK 
ğŸŸª1 kiÅŸiye 100$ #SolanaÂ Â â€¦",2022-02-07 13:47:28+00:00
37,RT @APompliano: Tesla holds $1.9 billion worth of #bitcoin,2022-02-07 13:47:27+00:00
38,"no moonboys so far ğŸš€

#Bitcoin #bitcoinbulls https://t.co/lQMXdPq8dJ",2022-02-07 13:47:27+00:00
39,"RT @wincrypto9: Top 10 Coins by Social volume over the last 24 hrs on #LunarCrush!

$btc #bitcoin
$eth #ethereum
$shib #shibainu
$xtz #tezoâ€¦",2022-02-07 13:47:27+00:00
40,RT @APompliano: Tesla holds $1.9 billion worth of #bitcoin,2022-02-07 13:47:27+00:00
41,RT @davidgokhshtein: #bitcoin rallying is a beautiful site.,2022-02-07 13:47:27+00:00
42,"Piyasa dinamiklerine hakim, blockchain teknolojisi ile ilgilenen kiÅŸilerin fikirlerini belirtmesi Ã¶nemli.â€¦ https://t.co/iNymVf33C4",2022-02-07 13:47:27+00:00
43,RT @BTC_Archive: ğŸ’¥TESLA just reported $1.99b #Bitcoin holdings!,2022-02-07 13:47:27+00:00
44,"The greatest division of wealth of the century, will soon take place with the BlueSparrowğŸ’¯ğŸ’¥

#ETH
#BlueSparrowâ€¦ https://t.co/DO8nIq6Rl9",2022-02-07 13:47:27+00:00
45,"@davidgokhshtein Bluesparrow  the future of the worldğŸ˜â¤ï¸ğŸ‰

 New lifestyle with bluesparrowğŸš€ğŸ”¥

#ETH
#BlueSparrowâ€¦ https://t.co/1UlJRUsayp",2022-02-07 13:47:26+00:00
46,RT @MarketRebels: $COIN $RIOT &amp; $MARA following #Bitcoin higher in premarket trading,2022-02-07 13:47:26+00:00
47,"La AdopciÃ³n sigue creciendo en #Rusia ğŸ‡·ğŸ‡º 
SegÃºn un estudio reciente, Rusia posee 200K millones de dÃ³lares enâ€¦ https://t.co/MdqmFvw1dw",2022-02-07 13:47:26+00:00
48,"@davidgokhshtein Bluesparrow  the future of the worldğŸ˜â¤ï¸ğŸ‰

 New lifestyle with bluesparrowğŸš€ğŸ”¥

#ETH
#BlueSparrowâ€¦ https://t.co/sZpn9AdgLC",2022-02-07 13:47:26+00:00
49,"@davidgokhshtein Bluesparrow  the future of the worldğŸ˜â¤ï¸ğŸ‰

 New lifestyle with bluesparrowğŸš€ğŸ”¥

#ETH
#BlueSparrowâ€¦ https://t.co/cwA9H7wjKQ",2022-02-07 13:47:26+00:00
50,"@davidgokhshtein Bluesparrow  the future of the worldğŸ˜â¤ï¸ğŸ‰

 New lifestyle with bluesparrowğŸš€ğŸ”¥

#ETH
#BlueSparrowâ€¦ https://t.co/HI1WfSNGPv",2022-02-07 13:47:26+00:00
51,"@davidgokhshtein Bluesparrow  the future of the worldğŸ˜â¤ï¸ğŸ‰

 New lifestyle with bluesparrowğŸš€ğŸ”¥

#ETH
#BlueSparrowâ€¦ https://t.co/YEVsSIz6xJ",2022-02-07 13:47:26+00:00
52,RT @BTC_Archive: ğŸ’¥TESLA just reported $1.99b #Bitcoin holdings!,2022-02-07 13:47:26+00:00
53,"@davidgokhshtein Bluesparrow  the future of the worldğŸ˜â¤ï¸ğŸ‰

 New lifestyle with bluesparrowğŸš€ğŸ”¥

#ETH
#BlueSparrowâ€¦ https://t.co/h5626OZhA6",2022-02-07 13:47:26+00:00
54,"@davidgokhshtein ğŸ¦ğŸ¦ğŸ¦ğŸ¦ğŸ¦ğŸ¦ğŸ¦ğŸ¦ğŸ¦ğŸ¦

                   ğŸ”¥A global projectğŸ”¥ 

Connect the whole world with bluesparrow

#ETHâ€¦ https://t.co/H7ltPEN3da",2022-02-07 13:47:25+00:00
55,"@davidgokhshtein Bluesparrow  the future of the worldğŸ˜â¤ï¸ğŸ‰

 New lifestyle with bluesparrowğŸš€ğŸ”¥

#ETH
#BlueSparrowâ€¦ https://t.co/ZuLADf01Ho",2022-02-07 13:47:25+00:00
56,"@davidgokhshtein @lyu_johnny @EverRise The greatest division of wealth of the century, will soon take place with thâ€¦ https://t.co/y1yb8FEcQf",2022-02-07 13:47:25+00:00
57,"RT @BitcoinMagazine: Canada candidate for Prime Minister: ""I've learned a lot about #Bitcoin."" ğŸ‡¨ğŸ‡¦ https://t.co/0as6VyFIPV",2022-02-07 13:47:25+00:00
58,"RT @intocryptoverse: Ah yes, the good olâ€™ pump into the weekly #Bitcoin close.",2022-02-07 13:47:25+00:00
59,RT @BitcoinMagazine: Russia's second richest man on #Bitcoin: â€œMetal coins were replaced. Digital assets are the next stage.â€ ğŸ‡·ğŸ‡º https://t.â€¦,2022-02-07 13:47:25+00:00
60,"RT @360_trader: Countries coming online...

Now watch as the individual States in the US come online.

2022 will redefine global adoptionâ€¦",2022-02-07 13:47:24+00:00
61,"RT @Antoneville07: The best way to save money is by investing in it. Plant the seed today so that you enjoy the shade tomorrow.

#Bitcoin #â€¦",2022-02-07 13:47:24+00:00
62,RT @BTC_Archive: ğŸ’¥Nigeriaâ€™s #Bitcoin peer-to-peer trading jumped +16% since the central bank enforced a ban last year.,2022-02-07 13:47:24+00:00
63,"RT @avgplaya: I've just predicted the future of crypto. You should too :) learn and win rewards in #Bitcoin 
Use my reference code MHO4SIIâ€¦",2022-02-07 13:47:24+00:00
64,"@BluesparrowC @davidgokhshtein @BlueSparrowETH Bluesparrow  the future of the worldğŸ˜â¤ï¸ğŸ‰

 New lifestyle with bluespâ€¦ https://t.co/KNhbrZ2sOU",2022-02-07 13:47:24+00:00
65,RT @Blockworks_: Tesla reports $1.99 billion in #bitcoin holdings,2022-02-07 13:47:24+00:00
66,"@BluesparrowC @davidgokhshtein @BlueSparrowETH The greatest division of wealth of the century, will soon take placeâ€¦ https://t.co/da1Q3SsxzY",2022-02-07 13:47:23+00:00
67,"@davidgokhshtein Bluesparrow  the future of the worldğŸ˜â¤ï¸ğŸ‰

 New lifestyle with bluesparrowğŸš€ğŸ”¥

#ETH
#BlueSparrowâ€¦ https://t.co/S1M76VfIjW",2022-02-07 13:47:23+00:00
68,"Nachdem GoFundMe den GeldHahn in Canada abgedreht hat, haben #Bitcoin- er auf der ganzen Welt weiter Geld gesammeltâ€¦ https://t.co/ILv2fSRf6O",2022-02-07 13:47:23+00:00
69,RT @BitcoinMagazine: Russia's second richest man on #Bitcoin: â€œMetal coins were replaced. Digital assets are the next stage.â€ ğŸ‡·ğŸ‡º https://t.â€¦,2022-02-07 13:47:23+00:00
70,"@davidgokhshtein Bluesparrow  the future of the worldğŸ˜â¤ï¸ğŸ‰

 New lifestyle with bluesparrowğŸš€ğŸ”¥

#ETH
#BlueSparrowâ€¦ https://t.co/TKXC6xmozi",2022-02-07 13:47:23+00:00
71,"Jack Dorsey Deems Diem Project A Waste Of Time, Suggests Meta To Focus On Bitcoin.

https://t.co/gMwkJETcGo

#Bitcoin",2022-02-07 13:47:23+00:00
72,"@davidgokhshtein Bluesparrow  the future of the worldğŸ˜â¤ï¸ğŸ‰

 New lifestyle with bluesparrowğŸš€ğŸ”¥

#ETH
#BlueSparrowâ€¦ https://t.co/uajGcfaPoF",2022-02-07 13:47:23+00:00
73,"@davidgokhshtein Bluesparrow  the future of the worldğŸ˜â¤ï¸ğŸ‰

 New lifestyle with bluesparrowğŸš€ğŸ”¥

#ETH
#BlueSparrowâ€¦ https://t.co/LNNjwVyn1k",2022-02-07 13:47:23+00:00
74,"@davidgokhshtein Bluesparrow  the future of the worldğŸ˜â¤ï¸ğŸ‰

 New lifestyle with bluesparrowğŸš€ğŸ”¥

#ETH
#BlueSparrowâ€¦ https://t.co/MMCs7vPkxo",2022-02-07 13:47:22+00:00
75,"@davidgokhshtein Bluesparrow  the future of the worldğŸ˜â¤ï¸ğŸ‰

 New lifestyle with bluesparrowğŸš€ğŸ”¥

#ETH
#BlueSparrowâ€¦ https://t.co/c0UuzqSIVN",2022-02-07 13:47:22+00:00
76,"@davidgokhshtein Bluesparrow  the future of the worldğŸ˜â¤ï¸ğŸ‰

 New lifestyle with bluesparrowğŸš€ğŸ”¥

#ETH
#BlueSparrowâ€¦ https://t.co/zMkQyphUEe",2022-02-07 13:47:22+00:00
77,"RT @CryptoTroia: Bu piyasada iÅŸlem yapÄ±yorsan ve 100$â€™Ä±n varsa bunun 50$â€™Ä± yatÄ±rÄ±m portfÃ¶yÃ¼nde duracak, kalan 50$â€™la da trade edeceksin.â€¦",2022-02-07 13:47:22+00:00
78,"RT @MotalbeN: The greatest division of wealth of the century, will soon take place with the BlueSparrowğŸ’¯ğŸ’¥

#ETH
#BlueSparrow
#BlueSparrowtoâ€¦",2022-02-07 13:47:22+00:00
79,"The greatest division of wealth of the century, will soon take place with the BlueSparrowğŸ’¯ğŸ’¥

#ETH
#BlueSparrowâ€¦ https://t.co/feT2cV1cZW",2022-02-07 13:47:22+00:00
80,"RT @TechDev_52: Latest #Bitcoin Top Gauge update is out.

I discuss what indicators need to flip to confirm a trend reversal.

https://t.coâ€¦",2022-02-07 13:47:22+00:00
81,"RT @Coinimparator: Merhaba dostlar gÃ¼zel bir altcoin iÅŸlemi aÃ§Ä±yorum.

$ARPA Current price 0.073$
TP 1: 0.08$
TP 2: 0.084$
TP 3: 0.10$
Targâ€¦",2022-02-07 13:47:22+00:00
82,"RT @ten_networks: #Alice TenBot Grafik ve Kar OranÄ± ğŸ¤–
#Bitcoin #Binance https://t.co/6EAFbG3rji",2022-02-07 13:47:22+00:00
83,"@davidgokhshtein @cvpayne @FoxBusiness I will never ask you, to buy or sell, iâ€™m just asking you, just never loseğŸ”¥ğŸ¤©â€¦ https://t.co/2XEFYmZN7Z",2022-02-07 13:47:22+00:00
84,"RT @CurtissLeviss: Is #bitcoin being manipulated?

No      Maybe     Yes 
ğŸ‘‡         ğŸ‘‡          ğŸ‘‡",2022-02-07 13:47:22+00:00
85,RT @Coinimparator: Coin imparator'u tanÄ±mayanlar hemen yorumlar kÄ±smÄ±na bakabilirsiniz orada en deÄŸerli takipÃ§ilerim sizi bilgilendirecektiâ€¦,2022-02-07 13:47:22+00:00
86,"RT @Dennis_Porter_: The price per #Bitcoin will surge to $100,000 the moment a single State passes legal tender. Two states later we'll beâ€¦",2022-02-07 13:47:21+00:00
87,"RT @AmirShayesteh80: @BluesparrowC @davidgokhshtein @BlueSparrowETH Bluesparrow season is coming soon

bluesparrowtoken is the blue #gemğŸ’ğŸ’â€¦",2022-02-07 13:47:21+00:00
88,"Please support and vote ğŸ˜œ...

à¤†à¤œà¤•à¤² à¤¬à¤•à¤°à¤¿à¤¯à¤¾à¤‚ à¤­à¥€ à¤‰à¤¤à¤°à¥€ à¤šà¥à¤¨à¤¾à¤µ à¤ªà¥à¤°à¤šà¤¾à¤° à¤®à¥‡à¤‚ à¥¤

#BoycottHyundai #Airmenresult #Bitcoin #NFTâ€¦ https://t.co/nayCUDnYxv",2022-02-07 13:47:21+00:00
89,RT @WatcherGuru: JUST IN: The so called â€œ#Bitcoin familyâ€ who liquidated all they owned in 2017 for #BTC are moving to Portugal for its 0%â€¦,2022-02-07 13:47:21+00:00
90,"RT @KriptoCeltics: ğŸ”¥ğŸ”¥ Iphone Ã§ekiliÅŸ ğŸ”¥ğŸ”¥

@PolyKripto ve bu hesabÄ± takip et âœ…
Tweeti beÄŸen ve RT yap âœ…

âœ…1 kiÅŸiye Iphone 13 Pro Max
âœ…1 kiÅŸiyâ€¦",2022-02-07 13:47:21+00:00
91,RT @corndalorian: Already having your net worth in #Bitcoin at this point in history is like already being in a lifeboat sailing away fromâ€¦,2022-02-07 13:47:21+00:00
92,"RT @InpulseX_io: The Journey to Become A Multiplanetary Species Starts Here.
Don't Worry, You Are Still Early, Just 4.5% Tokens In Circulatâ€¦",2022-02-07 13:47:21+00:00
93,"RT @uphold_sales: A trading strategy is a plan that employs analysis to identify specific market conditions and price levels. 

A trading sâ€¦",2022-02-07 13:47:21+00:00
94,"RT @MrTradeer: #raca #ceek #mana #sand #bitcoin #ethereum #lit #burger #ogn #mina #mbox grafiklerini paylaÅŸtÄ±m. 
EmeÄŸe saygÄ± iÃ§in beÄŸeni rtâ€¦",2022-02-07 13:47:20+00:00
95,"RT @MotalbeN: The greatest division of wealth of the century, will soon take place with the BlueSparrowğŸ’¯ğŸ’¥

#ETH
#BlueSparrow
#BlueSparrowtoâ€¦",2022-02-07 13:47:20+00:00
96,RT @nelliaakridi: @BTCTN #BitcoinÂ Â  resistance broken above $41k new support. If it doesn't fall we can see it breaking the next resistanceâ€¦,2022-02-07 13:47:20+00:00
97,RT @APompliano: Tesla holds $1.9 billion worth of #bitcoin,2022-02-07 13:47:20+00:00
98,"@davidgokhshtein Bluesparrow  the future of the worldğŸ˜â¤ï¸ğŸ‰

 New lifestyle with bluesparrowğŸš€ğŸ”¥

#ETH
#BlueSparrowâ€¦ https://t.co/6yIOIqOumG",2022-02-07 13:47:20+00:00
99,"@davidgokhshtein Bluesparrow  the future of the worldğŸ˜â¤ï¸ğŸ‰

 New lifestyle with bluesparrowğŸš€ğŸ”¥

#ETH
#BlueSparrowâ€¦ https://t.co/M8fHmeOlqP",2022-02-07 13:47:20+00:00
